,ID,first_party_winner
0,TEST_0000,1
1,TEST_0001,1
2,TEST_0002,1
3,TEST_0003,1
4,TEST_0004,1
5,TEST_0005,1
6,TEST_0006,1
7,TEST_0007,1
8,TEST_0008,1
9,TEST_0009,1
10,TEST_0010,1
11,TEST_0011,1
12,TEST_0012,1
13,TEST_0013,1
14,TEST_0014,1
15,TEST_0015,1
16,TEST_0016,1
17,TEST_0017,1
18,TEST_0018,1
19,TEST_0019,1
20,TEST_0020,1
21,TEST_0021,1
22,TEST_0022,1
23,TEST_0023,1
24,TEST_0024,1
25,TEST_0025,1
26,TEST_0026,1
27,TEST_0027,1
28,TEST_0028,1
29,TEST_0029,1
30,TEST_0030,1
31,TEST_0031,1
32,TEST_0032,1
33,TEST_0033,1
34,TEST_0034,1
35,TEST_0035,1
36,TEST_0036,1
37,TEST_0037,1
38,TEST_0038,1
39,TEST_0039,1
40,TEST_0040,1
41,TEST_0041,1
42,TEST_0042,1
43,TEST_0043,1
44,TEST_0044,1
45,TEST_0045,1
46,TEST_0046,1
47,TEST_0047,1
48,TEST_0048,1
49,TEST_0049,1
50,TEST_0050,1
51,TEST_0051,1
52,TEST_0052,1
53,TEST_0053,1
54,TEST_0054,1
55,TEST_0055,1
56,TEST_0056,1
57,TEST_0057,1
58,TEST_0058,1
59,TEST_0059,1
60,TEST_0060,1
61,TEST_0061,1
62,TEST_0062,1
63,TEST_0063,1
64,TEST_0064,1
65,TEST_0065,1
66,TEST_0066,1
67,TEST_0067,1
68,TEST_0068,1
69,TEST_0069,1
70,TEST_0070,1
71,TEST_0071,1
72,TEST_0072,1
73,TEST_0073,1
74,TEST_0074,1
75,TEST_0075,1
76,TEST_0076,1
77,TEST_0077,1
78,TEST_0078,1
79,TEST_0079,1
80,TEST_0080,1
81,TEST_0081,1
82,TEST_0082,1
83,TEST_0083,1
84,TEST_0084,1
85,TEST_0085,1
86,TEST_0086,1
87,TEST_0087,1
88,TEST_0088,1
89,TEST_0089,1
90,TEST_0090,1
91,TEST_0091,1
92,TEST_0092,1
93,TEST_0093,1
94,TEST_0094,1
95,TEST_0095,1
96,TEST_0096,1
97,TEST_0097,1
98,TEST_0098,1
99,TEST_0099,1
100,TEST_0100,1
101,TEST_0101,1
102,TEST_0102,1
103,TEST_0103,1
104,TEST_0104,1
105,TEST_0105,1
106,TEST_0106,1
107,TEST_0107,1
108,TEST_0108,1
109,TEST_0109,1
110,TEST_0110,1
111,TEST_0111,1
112,TEST_0112,1
113,TEST_0113,1
114,TEST_0114,1
115,TEST_0115,1
116,TEST_0116,1
117,TEST_0117,1
118,TEST_0118,1
119,TEST_0119,1
120,TEST_0120,1
121,TEST_0121,1
122,TEST_0122,1
123,TEST_0123,1
124,TEST_0124,1
125,TEST_0125,1
126,TEST_0126,1
127,TEST_0127,1
128,TEST_0128,1
129,TEST_0129,1
130,TEST_0130,1
131,TEST_0131,1
132,TEST_0132,1
133,TEST_0133,1
134,TEST_0134,1
135,TEST_0135,1
136,TEST_0136,1
137,TEST_0137,1
138,TEST_0138,1
139,TEST_0139,1
140,TEST_0140,1
141,TEST_0141,1
142,TEST_0142,1
143,TEST_0143,1
144,TEST_0144,1
145,TEST_0145,1
146,TEST_0146,1
147,TEST_0147,1
148,TEST_0148,1
149,TEST_0149,1
150,TEST_0150,1
151,TEST_0151,1
152,TEST_0152,1
153,TEST_0153,1
154,TEST_0154,1
155,TEST_0155,1
156,TEST_0156,1
157,TEST_0157,1
158,TEST_0158,1
159,TEST_0159,1
160,TEST_0160,1
161,TEST_0161,1
162,TEST_0162,1
163,TEST_0163,1
164,TEST_0164,1
165,TEST_0165,1
166,TEST_0166,1
167,TEST_0167,1
168,TEST_0168,1
169,TEST_0169,1
170,TEST_0170,1
171,TEST_0171,1
172,TEST_0172,1
173,TEST_0173,1
174,TEST_0174,1
175,TEST_0175,1
176,TEST_0176,1
177,TEST_0177,1
178,TEST_0178,1
179,TEST_0179,1
180,TEST_0180,1
181,TEST_0181,1
182,TEST_0182,1
183,TEST_0183,1
184,TEST_0184,1
185,TEST_0185,1
186,TEST_0186,1
187,TEST_0187,1
188,TEST_0188,1
189,TEST_0189,1
190,TEST_0190,1
191,TEST_0191,1
192,TEST_0192,1
193,TEST_0193,1
194,TEST_0194,1
195,TEST_0195,1
196,TEST_0196,1
197,TEST_0197,1
198,TEST_0198,1
199,TEST_0199,1
200,TEST_0200,1
201,TEST_0201,1
202,TEST_0202,1
203,TEST_0203,1
204,TEST_0204,1
205,TEST_0205,1
206,TEST_0206,1
207,TEST_0207,1
208,TEST_0208,1
209,TEST_0209,1
210,TEST_0210,1
211,TEST_0211,1
212,TEST_0212,1
213,TEST_0213,1
214,TEST_0214,1
215,TEST_0215,1
216,TEST_0216,1
217,TEST_0217,1
218,TEST_0218,1
219,TEST_0219,1
220,TEST_0220,1
221,TEST_0221,1
222,TEST_0222,1
223,TEST_0223,1
224,TEST_0224,1
225,TEST_0225,1
226,TEST_0226,1
227,TEST_0227,1
228,TEST_0228,1
229,TEST_0229,1
230,TEST_0230,1
231,TEST_0231,1
232,TEST_0232,1
233,TEST_0233,1
234,TEST_0234,1
235,TEST_0235,1
236,TEST_0236,1
237,TEST_0237,1
238,TEST_0238,1
239,TEST_0239,1
240,TEST_0240,1
241,TEST_0241,1
242,TEST_0242,1
243,TEST_0243,1
244,TEST_0244,1
245,TEST_0245,1
246,TEST_0246,1
247,TEST_0247,1
248,TEST_0248,1
249,TEST_0249,1
250,TEST_0250,1
251,TEST_0251,1
252,TEST_0252,1
253,TEST_0253,1
254,TEST_0254,1
255,TEST_0255,1
256,TEST_0256,1
257,TEST_0257,1
258,TEST_0258,1
259,TEST_0259,1
260,TEST_0260,1
261,TEST_0261,1
262,TEST_0262,1
263,TEST_0263,1
264,TEST_0264,1
265,TEST_0265,1
266,TEST_0266,1
267,TEST_0267,1
268,TEST_0268,1
269,TEST_0269,1
270,TEST_0270,1
271,TEST_0271,1
272,TEST_0272,1
273,TEST_0273,1
274,TEST_0274,1
275,TEST_0275,1
276,TEST_0276,1
277,TEST_0277,1
278,TEST_0278,1
279,TEST_0279,1
280,TEST_0280,1
281,TEST_0281,1
282,TEST_0282,1
283,TEST_0283,1
284,TEST_0284,1
285,TEST_0285,1
286,TEST_0286,1
287,TEST_0287,1
288,TEST_0288,1
289,TEST_0289,1
290,TEST_0290,1
291,TEST_0291,1
292,TEST_0292,1
293,TEST_0293,1
294,TEST_0294,1
295,TEST_0295,1
296,TEST_0296,1
297,TEST_0297,1
298,TEST_0298,1
299,TEST_0299,1
300,TEST_0300,1
301,TEST_0301,1
302,TEST_0302,1
303,TEST_0303,1
304,TEST_0304,1
305,TEST_0305,1
306,TEST_0306,1
307,TEST_0307,1
308,TEST_0308,1
309,TEST_0309,1
310,TEST_0310,1
311,TEST_0311,1
312,TEST_0312,1
313,TEST_0313,1
314,TEST_0314,1
315,TEST_0315,1
316,TEST_0316,1
317,TEST_0317,1
318,TEST_0318,1
319,TEST_0319,1
320,TEST_0320,1
321,TEST_0321,1
322,TEST_0322,1
323,TEST_0323,1
324,TEST_0324,1
325,TEST_0325,1
326,TEST_0326,1
327,TEST_0327,1
328,TEST_0328,1
329,TEST_0329,1
330,TEST_0330,1
331,TEST_0331,1
332,TEST_0332,1
333,TEST_0333,1
334,TEST_0334,1
335,TEST_0335,1
336,TEST_0336,1
337,TEST_0337,1
338,TEST_0338,1
339,TEST_0339,1
340,TEST_0340,1
341,TEST_0341,1
342,TEST_0342,1
343,TEST_0343,1
344,TEST_0344,1
345,TEST_0345,1
346,TEST_0346,1
347,TEST_0347,1
348,TEST_0348,1
349,TEST_0349,1
350,TEST_0350,1
351,TEST_0351,1
352,TEST_0352,1
353,TEST_0353,1
354,TEST_0354,1
355,TEST_0355,1
356,TEST_0356,1
357,TEST_0357,1
358,TEST_0358,1
359,TEST_0359,1
360,TEST_0360,1
361,TEST_0361,1
362,TEST_0362,1
363,TEST_0363,1
364,TEST_0364,1
365,TEST_0365,1
366,TEST_0366,1
367,TEST_0367,1
368,TEST_0368,1
369,TEST_0369,1
370,TEST_0370,1
371,TEST_0371,1
372,TEST_0372,1
373,TEST_0373,1
374,TEST_0374,1
375,TEST_0375,1
376,TEST_0376,1
377,TEST_0377,1
378,TEST_0378,1
379,TEST_0379,1
380,TEST_0380,1
381,TEST_0381,1
382,TEST_0382,1
383,TEST_0383,1
384,TEST_0384,1
385,TEST_0385,1
386,TEST_0386,1
387,TEST_0387,1
388,TEST_0388,1
389,TEST_0389,1
390,TEST_0390,1
391,TEST_0391,1
392,TEST_0392,1
393,TEST_0393,1
394,TEST_0394,1
395,TEST_0395,1
396,TEST_0396,1
397,TEST_0397,1
398,TEST_0398,1
399,TEST_0399,1
400,TEST_0400,1
401,TEST_0401,1
402,TEST_0402,1
403,TEST_0403,1
404,TEST_0404,1
405,TEST_0405,1
406,TEST_0406,1
407,TEST_0407,1
408,TEST_0408,1
409,TEST_0409,1
410,TEST_0410,1
411,TEST_0411,1
412,TEST_0412,1
413,TEST_0413,1
414,TEST_0414,1
415,TEST_0415,1
416,TEST_0416,1
417,TEST_0417,1
418,TEST_0418,1
419,TEST_0419,1
420,TEST_0420,1
421,TEST_0421,1
422,TEST_0422,1
423,TEST_0423,1
424,TEST_0424,1
425,TEST_0425,1
426,TEST_0426,1
427,TEST_0427,1
428,TEST_0428,1
429,TEST_0429,1
430,TEST_0430,1
431,TEST_0431,1
432,TEST_0432,1
433,TEST_0433,1
434,TEST_0434,1
435,TEST_0435,1
436,TEST_0436,1
437,TEST_0437,1
438,TEST_0438,1
439,TEST_0439,1
440,TEST_0440,1
441,TEST_0441,1
442,TEST_0442,1
443,TEST_0443,1
444,TEST_0444,1
445,TEST_0445,1
446,TEST_0446,1
447,TEST_0447,1
448,TEST_0448,1
449,TEST_0449,1
450,TEST_0450,1
451,TEST_0451,1
452,TEST_0452,1
453,TEST_0453,1
454,TEST_0454,1
455,TEST_0455,1
456,TEST_0456,1
457,TEST_0457,1
458,TEST_0458,1
459,TEST_0459,1
460,TEST_0460,1
461,TEST_0461,1
462,TEST_0462,1
463,TEST_0463,1
464,TEST_0464,1
465,TEST_0465,1
466,TEST_0466,1
467,TEST_0467,1
468,TEST_0468,1
469,TEST_0469,1
470,TEST_0470,1
471,TEST_0471,1
472,TEST_0472,1
473,TEST_0473,1
474,TEST_0474,1
475,TEST_0475,1
476,TEST_0476,1
477,TEST_0477,1
478,TEST_0478,1
479,TEST_0479,1
480,TEST_0480,1
481,TEST_0481,1
482,TEST_0482,1
483,TEST_0483,1
484,TEST_0484,1
485,TEST_0485,1
486,TEST_0486,1
487,TEST_0487,1
488,TEST_0488,1
489,TEST_0489,1
490,TEST_0490,1
491,TEST_0491,1
492,TEST_0492,1
493,TEST_0493,1
494,TEST_0494,1
495,TEST_0495,1
496,TEST_0496,1
497,TEST_0497,1
498,TEST_0498,1
499,TEST_0499,1
500,TEST_0500,1
501,TEST_0501,1
502,TEST_0502,1
503,TEST_0503,1
504,TEST_0504,1
505,TEST_0505,1
506,TEST_0506,1
507,TEST_0507,1
508,TEST_0508,1
509,TEST_0509,1
510,TEST_0510,1
511,TEST_0511,1
512,TEST_0512,1
513,TEST_0513,1
514,TEST_0514,1
515,TEST_0515,1
516,TEST_0516,1
517,TEST_0517,1
518,TEST_0518,1
519,TEST_0519,1
520,TEST_0520,1
521,TEST_0521,1
522,TEST_0522,1
523,TEST_0523,1
524,TEST_0524,1
525,TEST_0525,1
526,TEST_0526,1
527,TEST_0527,1
528,TEST_0528,1
529,TEST_0529,1
530,TEST_0530,1
531,TEST_0531,1
532,TEST_0532,1
533,TEST_0533,1
534,TEST_0534,1
535,TEST_0535,1
536,TEST_0536,1
537,TEST_0537,1
538,TEST_0538,1
539,TEST_0539,1
540,TEST_0540,1
541,TEST_0541,1
542,TEST_0542,1
543,TEST_0543,1
544,TEST_0544,1
545,TEST_0545,1
546,TEST_0546,1
547,TEST_0547,1
548,TEST_0548,1
549,TEST_0549,1
550,TEST_0550,1
551,TEST_0551,1
552,TEST_0552,1
553,TEST_0553,1
554,TEST_0554,1
555,TEST_0555,1
556,TEST_0556,1
557,TEST_0557,1
558,TEST_0558,1
559,TEST_0559,1
560,TEST_0560,1
561,TEST_0561,1
562,TEST_0562,1
563,TEST_0563,1
564,TEST_0564,1
565,TEST_0565,1
566,TEST_0566,1
567,TEST_0567,1
568,TEST_0568,1
569,TEST_0569,1
570,TEST_0570,1
571,TEST_0571,1
572,TEST_0572,1
573,TEST_0573,1
574,TEST_0574,1
575,TEST_0575,1
576,TEST_0576,1
577,TEST_0577,1
578,TEST_0578,1
579,TEST_0579,1
580,TEST_0580,1
581,TEST_0581,1
582,TEST_0582,1
583,TEST_0583,1
584,TEST_0584,1
585,TEST_0585,1
586,TEST_0586,1
587,TEST_0587,1
588,TEST_0588,1
589,TEST_0589,1
590,TEST_0590,1
591,TEST_0591,1
592,TEST_0592,1
593,TEST_0593,1
594,TEST_0594,1
595,TEST_0595,1
596,TEST_0596,1
597,TEST_0597,1
598,TEST_0598,1
599,TEST_0599,1
600,TEST_0600,1
601,TEST_0601,1
602,TEST_0602,1
603,TEST_0603,1
604,TEST_0604,1
605,TEST_0605,1
606,TEST_0606,1
607,TEST_0607,1
608,TEST_0608,1
609,TEST_0609,1
610,TEST_0610,1
611,TEST_0611,1
612,TEST_0612,1
613,TEST_0613,1
614,TEST_0614,1
615,TEST_0615,1
616,TEST_0616,1
617,TEST_0617,1
618,TEST_0618,1
619,TEST_0619,1
620,TEST_0620,1
621,TEST_0621,1
622,TEST_0622,1
623,TEST_0623,1
624,TEST_0624,1
625,TEST_0625,1
626,TEST_0626,1
627,TEST_0627,1
628,TEST_0628,1
629,TEST_0629,1
630,TEST_0630,1
631,TEST_0631,1
632,TEST_0632,1
633,TEST_0633,1
634,TEST_0634,1
635,TEST_0635,1
636,TEST_0636,1
637,TEST_0637,1
638,TEST_0638,1
639,TEST_0639,1
640,TEST_0640,1
641,TEST_0641,1
642,TEST_0642,1
643,TEST_0643,1
644,TEST_0644,1
645,TEST_0645,1
646,TEST_0646,1
647,TEST_0647,1
648,TEST_0648,1
649,TEST_0649,1
650,TEST_0650,1
651,TEST_0651,1
652,TEST_0652,1
653,TEST_0653,1
654,TEST_0654,1
655,TEST_0655,1
656,TEST_0656,1
657,TEST_0657,1
658,TEST_0658,1
659,TEST_0659,1
660,TEST_0660,1
661,TEST_0661,1
662,TEST_0662,1
663,TEST_0663,1
664,TEST_0664,1
665,TEST_0665,1
666,TEST_0666,1
667,TEST_0667,1
668,TEST_0668,1
669,TEST_0669,1
670,TEST_0670,1
671,TEST_0671,1
672,TEST_0672,1
673,TEST_0673,1
674,TEST_0674,1
675,TEST_0675,1
676,TEST_0676,1
677,TEST_0677,1
678,TEST_0678,1
679,TEST_0679,1
680,TEST_0680,1
681,TEST_0681,1
682,TEST_0682,1
683,TEST_0683,1
684,TEST_0684,1
685,TEST_0685,1
686,TEST_0686,1
687,TEST_0687,1
688,TEST_0688,1
689,TEST_0689,1
690,TEST_0690,1
691,TEST_0691,1
692,TEST_0692,1
693,TEST_0693,1
694,TEST_0694,1
695,TEST_0695,1
696,TEST_0696,1
697,TEST_0697,1
698,TEST_0698,1
699,TEST_0699,1
700,TEST_0700,1
701,TEST_0701,1
702,TEST_0702,1
703,TEST_0703,1
704,TEST_0704,1
705,TEST_0705,1
706,TEST_0706,1
707,TEST_0707,1
708,TEST_0708,1
709,TEST_0709,1
710,TEST_0710,1
711,TEST_0711,1
712,TEST_0712,1
713,TEST_0713,1
714,TEST_0714,1
715,TEST_0715,1
716,TEST_0716,1
717,TEST_0717,1
718,TEST_0718,1
719,TEST_0719,1
720,TEST_0720,1
721,TEST_0721,1
722,TEST_0722,1
723,TEST_0723,1
724,TEST_0724,1
725,TEST_0725,1
726,TEST_0726,1
727,TEST_0727,1
728,TEST_0728,1
729,TEST_0729,1
730,TEST_0730,1
731,TEST_0731,1
732,TEST_0732,1
733,TEST_0733,1
734,TEST_0734,1
735,TEST_0735,1
736,TEST_0736,1
737,TEST_0737,1
738,TEST_0738,1
739,TEST_0739,1
740,TEST_0740,1
741,TEST_0741,1
742,TEST_0742,1
743,TEST_0743,1
744,TEST_0744,1
745,TEST_0745,1
746,TEST_0746,1
747,TEST_0747,1
748,TEST_0748,1
749,TEST_0749,1
750,TEST_0750,1
751,TEST_0751,1
752,TEST_0752,1
753,TEST_0753,1
754,TEST_0754,1
755,TEST_0755,1
756,TEST_0756,1
757,TEST_0757,1
758,TEST_0758,1
759,TEST_0759,1
760,TEST_0760,1
761,TEST_0761,1
762,TEST_0762,1
763,TEST_0763,1
764,TEST_0764,1
765,TEST_0765,1
766,TEST_0766,1
767,TEST_0767,1
768,TEST_0768,1
769,TEST_0769,1
770,TEST_0770,1
771,TEST_0771,1
772,TEST_0772,1
773,TEST_0773,1
774,TEST_0774,1
775,TEST_0775,1
776,TEST_0776,1
777,TEST_0777,1
778,TEST_0778,1
779,TEST_0779,1
780,TEST_0780,1
781,TEST_0781,1
782,TEST_0782,1
783,TEST_0783,1
784,TEST_0784,1
785,TEST_0785,1
786,TEST_0786,1
787,TEST_0787,1
788,TEST_0788,1
789,TEST_0789,1
790,TEST_0790,1
791,TEST_0791,1
792,TEST_0792,1
793,TEST_0793,1
794,TEST_0794,1
795,TEST_0795,1
796,TEST_0796,1
797,TEST_0797,1
798,TEST_0798,1
799,TEST_0799,1
800,TEST_0800,1
801,TEST_0801,1
802,TEST_0802,1
803,TEST_0803,1
804,TEST_0804,1
805,TEST_0805,1
806,TEST_0806,1
807,TEST_0807,1
808,TEST_0808,1
809,TEST_0809,1
810,TEST_0810,1
811,TEST_0811,1
812,TEST_0812,1
813,TEST_0813,1
814,TEST_0814,1
815,TEST_0815,1
816,TEST_0816,1
817,TEST_0817,1
818,TEST_0818,1
819,TEST_0819,1
820,TEST_0820,1
821,TEST_0821,1
822,TEST_0822,1
823,TEST_0823,1
824,TEST_0824,1
825,TEST_0825,1
826,TEST_0826,1
827,TEST_0827,1
828,TEST_0828,1
829,TEST_0829,1
830,TEST_0830,1
831,TEST_0831,1
832,TEST_0832,1
833,TEST_0833,1
834,TEST_0834,1
835,TEST_0835,1
836,TEST_0836,1
837,TEST_0837,1
838,TEST_0838,1
839,TEST_0839,1
840,TEST_0840,1
841,TEST_0841,1
842,TEST_0842,1
843,TEST_0843,1
844,TEST_0844,1
845,TEST_0845,1
846,TEST_0846,1
847,TEST_0847,1
848,TEST_0848,1
849,TEST_0849,1
850,TEST_0850,1
851,TEST_0851,1
852,TEST_0852,1
853,TEST_0853,1
854,TEST_0854,1
855,TEST_0855,1
856,TEST_0856,1
857,TEST_0857,1
858,TEST_0858,1
859,TEST_0859,1
860,TEST_0860,1
861,TEST_0861,1
862,TEST_0862,1
863,TEST_0863,1
864,TEST_0864,1
865,TEST_0865,1
866,TEST_0866,1
867,TEST_0867,1
868,TEST_0868,1
869,TEST_0869,1
870,TEST_0870,1
871,TEST_0871,1
872,TEST_0872,1
873,TEST_0873,1
874,TEST_0874,1
875,TEST_0875,1
876,TEST_0876,1
877,TEST_0877,1
878,TEST_0878,1
879,TEST_0879,1
880,TEST_0880,1
881,TEST_0881,1
882,TEST_0882,1
883,TEST_0883,1
884,TEST_0884,1
885,TEST_0885,1
886,TEST_0886,1
887,TEST_0887,1
888,TEST_0888,1
889,TEST_0889,1
890,TEST_0890,1
891,TEST_0891,1
892,TEST_0892,1
893,TEST_0893,1
894,TEST_0894,1
895,TEST_0895,1
896,TEST_0896,1
897,TEST_0897,1
898,TEST_0898,1
899,TEST_0899,1
900,TEST_0900,1
901,TEST_0901,1
902,TEST_0902,1
903,TEST_0903,1
904,TEST_0904,1
905,TEST_0905,1
906,TEST_0906,1
907,TEST_0907,1
908,TEST_0908,1
909,TEST_0909,1
910,TEST_0910,1
911,TEST_0911,1
912,TEST_0912,1
913,TEST_0913,1
914,TEST_0914,1
915,TEST_0915,1
916,TEST_0916,1
917,TEST_0917,1
918,TEST_0918,1
919,TEST_0919,1
920,TEST_0920,1
921,TEST_0921,1
922,TEST_0922,1
923,TEST_0923,1
924,TEST_0924,1
925,TEST_0925,1
926,TEST_0926,1
927,TEST_0927,1
928,TEST_0928,1
929,TEST_0929,1
930,TEST_0930,1
931,TEST_0931,1
932,TEST_0932,1
933,TEST_0933,1
934,TEST_0934,1
935,TEST_0935,1
936,TEST_0936,1
937,TEST_0937,1
938,TEST_0938,1
939,TEST_0939,1
940,TEST_0940,1
941,TEST_0941,1
942,TEST_0942,1
943,TEST_0943,1
944,TEST_0944,1
945,TEST_0945,1
946,TEST_0946,1
947,TEST_0947,1
948,TEST_0948,1
949,TEST_0949,1
950,TEST_0950,1
951,TEST_0951,1
952,TEST_0952,1
953,TEST_0953,1
954,TEST_0954,1
955,TEST_0955,1
956,TEST_0956,1
957,TEST_0957,1
958,TEST_0958,1
959,TEST_0959,1
960,TEST_0960,1
961,TEST_0961,1
962,TEST_0962,1
963,TEST_0963,1
964,TEST_0964,1
965,TEST_0965,1
966,TEST_0966,1
967,TEST_0967,1
968,TEST_0968,1
969,TEST_0969,1
970,TEST_0970,1
971,TEST_0971,1
972,TEST_0972,1
973,TEST_0973,1
974,TEST_0974,1
975,TEST_0975,1
976,TEST_0976,1
977,TEST_0977,1
978,TEST_0978,1
979,TEST_0979,1
980,TEST_0980,1
981,TEST_0981,1
982,TEST_0982,1
983,TEST_0983,1
984,TEST_0984,1
985,TEST_0985,1
986,TEST_0986,1
987,TEST_0987,1
988,TEST_0988,1
989,TEST_0989,1
990,TEST_0990,1
991,TEST_0991,1
992,TEST_0992,1
993,TEST_0993,1
994,TEST_0994,1
995,TEST_0995,1
996,TEST_0996,1
997,TEST_0997,1
998,TEST_0998,1
999,TEST_0999,1
1000,TEST_1000,1
1001,TEST_1001,1
1002,TEST_1002,1
1003,TEST_1003,1
1004,TEST_1004,1
1005,TEST_1005,1
1006,TEST_1006,1
1007,TEST_1007,1
1008,TEST_1008,1
1009,TEST_1009,1
1010,TEST_1010,1
1011,TEST_1011,1
1012,TEST_1012,1
1013,TEST_1013,1
1014,TEST_1014,1
1015,TEST_1015,1
1016,TEST_1016,1
1017,TEST_1017,1
1018,TEST_1018,1
1019,TEST_1019,1
1020,TEST_1020,1
1021,TEST_1021,1
1022,TEST_1022,1
1023,TEST_1023,1
1024,TEST_1024,1
1025,TEST_1025,1
1026,TEST_1026,1
1027,TEST_1027,1
1028,TEST_1028,1
1029,TEST_1029,1
1030,TEST_1030,1
1031,TEST_1031,1
1032,TEST_1032,1
1033,TEST_1033,1
1034,TEST_1034,1
1035,TEST_1035,1
1036,TEST_1036,1
1037,TEST_1037,1
1038,TEST_1038,1
1039,TEST_1039,1
1040,TEST_1040,1
1041,TEST_1041,1
1042,TEST_1042,1
1043,TEST_1043,1
1044,TEST_1044,1
1045,TEST_1045,1
1046,TEST_1046,1
1047,TEST_1047,1
1048,TEST_1048,1
1049,TEST_1049,1
1050,TEST_1050,1
1051,TEST_1051,1
1052,TEST_1052,1
1053,TEST_1053,1
1054,TEST_1054,1
1055,TEST_1055,1
1056,TEST_1056,1
1057,TEST_1057,1
1058,TEST_1058,1
1059,TEST_1059,1
1060,TEST_1060,1
1061,TEST_1061,1
1062,TEST_1062,1
1063,TEST_1063,1
1064,TEST_1064,1
1065,TEST_1065,1
1066,TEST_1066,1
1067,TEST_1067,1
1068,TEST_1068,1
1069,TEST_1069,1
1070,TEST_1070,1
1071,TEST_1071,1
1072,TEST_1072,1
1073,TEST_1073,1
1074,TEST_1074,1
1075,TEST_1075,1
1076,TEST_1076,1
1077,TEST_1077,1
1078,TEST_1078,1
1079,TEST_1079,1
1080,TEST_1080,1
1081,TEST_1081,1
1082,TEST_1082,1
1083,TEST_1083,1
1084,TEST_1084,1
1085,TEST_1085,1
1086,TEST_1086,1
1087,TEST_1087,1
1088,TEST_1088,1
1089,TEST_1089,1
1090,TEST_1090,1
1091,TEST_1091,1
1092,TEST_1092,1
1093,TEST_1093,1
1094,TEST_1094,1
1095,TEST_1095,1
1096,TEST_1096,1
1097,TEST_1097,1
1098,TEST_1098,1
1099,TEST_1099,1
1100,TEST_1100,1
1101,TEST_1101,1
1102,TEST_1102,1
1103,TEST_1103,1
1104,TEST_1104,1
1105,TEST_1105,1
1106,TEST_1106,1
1107,TEST_1107,1
1108,TEST_1108,1
1109,TEST_1109,1
1110,TEST_1110,1
1111,TEST_1111,1
1112,TEST_1112,1
1113,TEST_1113,1
1114,TEST_1114,1
1115,TEST_1115,1
1116,TEST_1116,1
1117,TEST_1117,1
1118,TEST_1118,1
1119,TEST_1119,1
1120,TEST_1120,1
1121,TEST_1121,1
1122,TEST_1122,1
1123,TEST_1123,1
1124,TEST_1124,1
1125,TEST_1125,1
1126,TEST_1126,1
1127,TEST_1127,1
1128,TEST_1128,1
1129,TEST_1129,1
1130,TEST_1130,1
1131,TEST_1131,1
1132,TEST_1132,1
1133,TEST_1133,1
1134,TEST_1134,1
1135,TEST_1135,1
1136,TEST_1136,1
1137,TEST_1137,1
1138,TEST_1138,1
1139,TEST_1139,1
1140,TEST_1140,1
1141,TEST_1141,1
1142,TEST_1142,1
1143,TEST_1143,1
1144,TEST_1144,1
1145,TEST_1145,1
1146,TEST_1146,1
1147,TEST_1147,1
1148,TEST_1148,1
1149,TEST_1149,1
1150,TEST_1150,1
1151,TEST_1151,1
1152,TEST_1152,1
1153,TEST_1153,1
1154,TEST_1154,1
1155,TEST_1155,1
1156,TEST_1156,1
1157,TEST_1157,1
1158,TEST_1158,1
1159,TEST_1159,1
1160,TEST_1160,1
1161,TEST_1161,1
1162,TEST_1162,1
1163,TEST_1163,1
1164,TEST_1164,1
1165,TEST_1165,1
1166,TEST_1166,1
1167,TEST_1167,1
1168,TEST_1168,1
1169,TEST_1169,1
1170,TEST_1170,1
1171,TEST_1171,1
1172,TEST_1172,1
1173,TEST_1173,1
1174,TEST_1174,1
1175,TEST_1175,1
1176,TEST_1176,1
1177,TEST_1177,1
1178,TEST_1178,1
1179,TEST_1179,1
1180,TEST_1180,1
1181,TEST_1181,1
1182,TEST_1182,1
1183,TEST_1183,1
1184,TEST_1184,1
1185,TEST_1185,1
1186,TEST_1186,1
1187,TEST_1187,1
1188,TEST_1188,1
1189,TEST_1189,1
1190,TEST_1190,1
1191,TEST_1191,1
1192,TEST_1192,1
1193,TEST_1193,1
1194,TEST_1194,1
1195,TEST_1195,1
1196,TEST_1196,1
1197,TEST_1197,1
1198,TEST_1198,1
1199,TEST_1199,1
1200,TEST_1200,1
1201,TEST_1201,1
1202,TEST_1202,1
1203,TEST_1203,1
1204,TEST_1204,1
1205,TEST_1205,1
1206,TEST_1206,1
1207,TEST_1207,1
1208,TEST_1208,1
1209,TEST_1209,1
1210,TEST_1210,1
1211,TEST_1211,1
1212,TEST_1212,1
1213,TEST_1213,1
1214,TEST_1214,1
1215,TEST_1215,1
1216,TEST_1216,1
1217,TEST_1217,1
1218,TEST_1218,1
1219,TEST_1219,1
1220,TEST_1220,1
1221,TEST_1221,1
1222,TEST_1222,1
1223,TEST_1223,1
1224,TEST_1224,1
1225,TEST_1225,1
1226,TEST_1226,1
1227,TEST_1227,1
1228,TEST_1228,1
1229,TEST_1229,1
1230,TEST_1230,1
1231,TEST_1231,1
1232,TEST_1232,1
1233,TEST_1233,1
1234,TEST_1234,1
1235,TEST_1235,1
1236,TEST_1236,1
1237,TEST_1237,1
1238,TEST_1238,1
1239,TEST_1239,1
